"ADJOE","ADJDE","BARTHAG","EFG_O","EFG_D","TOR","TORD","ORB","DRB","FTR","FTRD","X2P_O","X2P_D","X3P_O","X3P_D","ADJ_T","WAB","SOS","WR"
121,89.7,0.9692,54.7,44,19.3,20.9,39,31.4,45.8,27,52,43.2,40.3,30.4,67.8,7.8,0.5885,0.805555555555556
118.9,90.2,0.9599,54.9,44.9,17.2,20.8,37.8,29.8,40.8,29.9,55,42.1,36.5,32.9,65.1,7.6,0.5517,0.911764705882353
111.6,86.2,0.9514,53.3,41.5,20.3,18.4,33.8,29.3,39.5,32,52.9,39.3,36.4,30.3,67.7,7.5,0.5791,0.837837837837838
115.9,84.5,0.9743,50.6,44.8,18.3,27,38.2,33.3,40,34.9,50.8,43.4,33.3,31.8,67.1,9,0.6044,0.875
107.6,85,0.9381,51.1,43,20.1,22.4,30.4,31,36.8,35.3,50.2,41.4,35.3,30.7,62.5,6.6,0.5773,0.78125
112.4,90.8,0.9207,51.9,45.7,16.7,18.4,31.3,28.4,34.6,28.3,50.6,44,36.2,32.6,63,6.3,0.5947,0.805555555555556
113.6,89.4,0.9406,50.6,45.4,16.2,20.7,31.8,28.2,35.5,29.5,49.4,43.6,35.6,32.4,65.3,7.2,0.5907,0.783783783783784
118.4,91.5,0.9507,53.9,45.5,15.6,20.4,28.8,32.3,39.2,32.7,50.8,46.2,39.9,29,67.8,7.5,0.6166,0.833333333333333
111.4,87.8,0.9392,50.6,44.5,20.8,19.2,36.1,27.6,36.6,32.4,50.4,44.3,34.1,30.1,64.4,6.7,0.6072,0.742857142857143
113,93.2,0.902,49.6,46.2,20.9,19.5,38.4,33.1,40.9,31.7,51.6,44.9,29.6,32.3,64.6,4.5,0.5924,0.742857142857143
107,91.1,0.8641,48.4,45.9,17.6,19.5,29.3,27.6,45.7,25.7,46.1,42,35.1,34.6,65.4,6.9,0.5943,0.828571428571429
115.7,85.7,0.9694,55.2,43.3,17.8,22.5,34.2,28.4,31,29.9,54.3,41.8,37.8,31,62.8,4.1,0.5792,0.783783783783784
113.4,94.5,0.8896,49.1,47.5,18.2,22.2,38.5,33.8,31.7,36.8,46.8,46.5,35.8,33.3,63,5.4,0.5617,0.764705882352941
108,87.5,0.9181,50.4,45.5,17.6,23.6,27.9,29.1,44,35,50,44.1,34,33.1,64.7,3.8,0.5628,0.8
121.5,93.7,0.9522,54.6,48,14.6,18.7,32.5,29.4,28.4,22.7,53.4,47.6,37.9,32.6,64.8,6.2,0.5835,0.789473684210526
113,87,0.9533,49,42.6,18.9,23.6,38.8,34.5,36.8,35.4,48.5,42.6,33.4,28.4,65.4,5.1,0.6034,0.75
107.2,84.3,0.9406,48.6,43,15.7,18,32.6,26.9,29.7,25.7,48,42.8,33,28.9,61.9,4.6,0.5867,0.657142857142857
107.1,88.6,0.8983,48.8,44.5,18.2,21.7,31.3,30.8,40.5,35.1,49.5,42.4,31.6,32.4,67.3,3.2,0.5628,0.727272727272727
104.7,88.4,0.8749,48.9,44.1,20.2,18.5,33.3,27.1,36.7,29.6,48.9,42.6,32.6,31.6,69.3,1.8,0.5739,0.705882352941177
113.8,92.1,0.9195,51.3,49.9,16.9,28.5,36.6,34.7,29.8,40.3,50.5,50.1,35.1,32.9,68.1,2.6,0.5653,0.75
110,94.8,0.8475,49.1,47.5,15.8,19.9,30.7,34,33.1,24.6,48.9,46.9,33.3,32.4,69.6,3.3,0.5714,0.714285714285714
109.2,93,0.8624,50.7,46.7,20.2,17.4,35.9,26.3,38.4,36.1,50.2,45.3,34.3,33.2,64.7,4.7,0.5701,0.742857142857143
114.4,92.2,0.9229,52.5,46.6,19.5,19.8,35,26.7,37.4,32.9,50.6,43.4,37.1,35.8,66.8,4.6,0.5759,0.771428571428571
106.1,90.2,0.8672,52.4,45.5,20.7,22.1,35.6,31.1,37.2,34.9,51.1,43.8,37.2,33,69.3,4.5,0.5581,0.861111111111111
106,89.5,0.8752,48.5,44.7,18.1,18.2,31.8,27.9,35.3,28.9,48.3,43.3,32.7,31.8,66.8,0.4,0.575,0.65625
109.8,92.7,0.8749,47.5,48.7,17.6,21.7,33.6,33,31,36,47.4,47.4,31.7,34.1,66.1,2.4,0.59,0.617647058823529
112.9,95.4,0.8748,52.2,46.8,17.6,16,34,29.5,32,24.6,50.6,45.9,37,32.5,61.7,3.9,0.5592,0.714285714285714
116.4,95,0.9117,58.2,45.9,18.9,16.1,28.8,27.2,34.2,26.1,55.7,45.5,41.4,31.2,65.2,3.5,0.5525,0.777777777777778
112.8,91.1,0.9217,51.7,44.6,18.1,22,40.4,30,37.5,36.4,51.5,44,34.9,30.4,60.3,3.1,0.5512,0.727272727272727
116.6,98.4,0.8759,49.2,48.6,17.2,16.5,41.4,23.2,44.1,36.4,48.4,47.1,34.1,34.1,64.8,1.9,0.5668,0.727272727272727
111.6,93,0.8902,49.3,48,17.2,21.5,34.6,31.6,28.2,27.1,46.3,46.3,37.2,34.4,71.4,2.5,0.5921,0.685714285714286
115.2,98,0.865,54.2,46.8,18,16.6,34.7,32.6,40.9,29,52.8,47.5,39.1,30.2,68.1,2.2,0.5653,0.685714285714286
105.3,90.5,0.8507,47.3,47.3,22.9,22,33.1,29.5,50.6,40.9,46,42.4,33.2,37.3,67.7,0.3,0.5759,0.575757575757576
113.3,95.2,0.8815,51.2,46.1,18.9,17.6,38.7,28.6,35,29.7,51.4,44.1,33.9,33.2,67.7,1.2,0.5584,0.676470588235294
110.7,96.9,0.822,49,49,15.9,20.1,30.8,31.4,35.6,34.1,48.8,47.3,32.8,35.3,66.8,1.5,0.557,0.705882352941177
110.6,91,0.9045,50,45.3,19.4,20,38,26.5,36.5,38.3,49.6,43.6,33.9,32.2,65,2.2,0.5637,0.769230769230769
110.3,95.6,0.8391,47.8,47.4,17.5,19.6,33.2,31.5,35.4,31.4,47.6,46.4,32.3,32.9,66.7,0.3,0.571,0.625
104.9,90.2,0.8513,48.3,45.9,20,19.4,33.6,30.4,40.9,25.3,47,44.7,34.4,32,65.5,1.4,0.5718,0.636363636363636
104.5,88.3,0.873,46.2,43.3,19.4,20.3,38.7,29.8,35.5,32.7,45.5,42.3,31.6,30.4,65.5,1.7,0.5723,0.647058823529412
117.2,98.3,0.8828,53.8,48,18.5,18.6,34.2,28.5,33,32.7,51.9,48.8,37.4,31.1,69.6,0.7,0.5658,0.657142857142857
112.6,92.5,0.905,49.3,45.6,21.6,20.2,43.6,33.2,41.6,36.7,48.8,42.8,33.7,33.9,64.1,2.1,0.5993,0.617647058823529
108.9,96.2,0.8064,56.5,48,19.6,25,29.7,34.2,32.8,37,56.9,46.7,37.2,33.5,67.4,0.1,0.5407,0.774193548387097
104.7,93.1,0.7936,49.6,42.5,15.1,14.1,29.3,24.3,35.7,29.4,48.3,41.1,35.8,30.5,63.4,1,0.4877,0.818181818181818
113.9,94.9,0.891,53.7,47.1,18.3,17.9,36.9,25,37,36.9,52.3,44,37.3,36.7,64.8,2.5,0.5485,0.794117647058823
105.1,91,0.8396,51.1,44.4,20.7,23.6,36.5,29,41.4,42.8,49.2,43.9,37.7,30.3,64.9,0.7,0.5168,0.823529411764706
105.4,92.3,0.8211,48,44.3,18.9,16.8,32.5,30.7,31.2,32.5,48.8,41.7,30.2,33.6,66.5,0.5,0.5657,0.636363636363636
103.4,94.4,0.7402,51,44.6,20.8,20.2,37.6,30.5,36.9,35,52.1,42.7,32.7,32.8,66.5,0.3,0.5138,0.78125
110,95.6,0.834,49.1,46.4,15.9,21.5,34.1,31.8,38.8,31.1,49.4,46.2,32.4,31.3,70.9,1.6,0.5258,0.75
104.8,88.6,0.8728,49.3,46.4,21.4,22,35.8,27.2,38.4,33.3,49.1,44.9,33.3,33.4,69.2,2.9,0.5448,0.756756756756757
112,97.4,0.8332,51.8,51.4,18.4,20,30.3,24.4,33.7,42.2,48.4,51,38.7,34.8,66.2,-0.2,0.5526,0.633333333333333
109.7,103.7,0.6573,53.3,51.2,16.4,17.1,28.9,26.1,33,24.4,50.4,49.8,38.9,35.8,64,-3.2,0.4884,0.6875
101.6,101.8,0.4929,52.9,48.6,19.1,18.3,25.1,30.5,40.6,35.9,52,48,36.4,33.3,63.9,-1.4,0.4738,0.766666666666667
102.5,95.3,0.6992,49.3,45.4,21.9,18.6,36.9,29.8,47,30.7,49.8,43.2,31.8,33.9,65.1,-3.1,0.5241,0.676470588235294
112,96.2,0.8516,51.9,49.3,17.1,21.3,29,34.2,31.3,28.5,49.3,50.6,37.7,30.2,66,0.3,0.5568,0.705882352941177
104.8,102.1,0.573,49,47.8,19.2,21.7,34.8,37.3,40.3,40.5,50,46.8,31,33.9,73,-3.2,0.487,0.678571428571429
104.9,99.9,0.6362,54.3,49.2,20.8,20.9,25.6,31.4,49.6,31.2,51.5,48.9,39.8,33.3,64.7,-2.6,0.5014,0.655172413793103
110.6,98.3,0.7959,53.1,45.3,17,18.8,29,28.5,38.9,36.4,52,44.3,36.6,32.1,65.2,-1.4,0.4859,0.757575757575758
107.8,97.9,0.7514,55.7,46.2,21.8,19.5,31.2,28.2,41.7,36.8,55.7,44.5,37.1,33.8,65.6,-0.8,0.4986,0.757575757575758
104.7,101.1,0.5991,50.5,50,17.8,20,29.2,30.8,37.7,39.3,46.8,48,38.9,35.4,63.4,-5.1,0.5068,0.606060606060606
112.8,105,0.6956,52.1,51.6,17.1,19.3,32.8,33.4,32.7,32.2,50.4,49.1,36.7,37.5,71.3,-5.9,0.509,0.588235294117647
103.4,96.3,0.6952,51.6,46.9,21,22.1,32.5,32.8,35.2,32.7,52.3,46.9,33.4,31.3,69.1,-4,0.4954,0.685714285714286
101.2,98.7,0.5722,49.6,48.3,21.2,19.9,31.7,28.2,40,27.8,46.7,47.6,37,33.1,63.2,-4.5,0.4597,0.685714285714286
100.1,100.4,0.4895,48.6,47.9,22.2,20.8,34.8,30.7,37.6,37.8,48.3,47.6,32.7,32.4,66,-8.4,0.4991,0.542857142857143
90.6,95.7,0.3459,45.7,45.2,22.7,23.4,29.8,33.2,42.6,41.1,45.4,43.4,30.7,32,66.9,-11.5,0.4403,0.527777777777778
95.9,96.7,0.475,49.1,41.9,16.8,20.2,26.2,31.1,40.3,34.9,46,40.5,36.7,30,65,-5.7,0.4137,0.666666666666667
108.1,111.2,0.4195,54.4,52.6,20.3,18.4,35.2,33.5,45.6,31.6,53.1,51.1,38,37.2,69.3,-8.6,0.4547,0.588235294117647
98.5,99.4,0.4736,47.6,48.7,17.2,21.1,29.6,31.1,36.8,39.2,46.2,46.9,33.6,34.7,64.2,-8.9,0.4681,0.583333333333333
100.1,109.7,0.2591,48.5,47.8,19.8,15.1,29,32.6,38.4,38.5,44.9,48.6,37,30.9,65.7,-15.6,0.4403,0.363636363636364
116.2,87.4,0.9636,51.7,42.3,15.7,19.1,36.4,27.3,41,34.2,50.7,40.2,36.4,32,64.3,9.4,0.6025,0.868421052631579
115.9,88.4,0.9575,52.2,45.4,17.5,21.3,35.3,28,42.4,31.2,51.3,43.5,35.9,33,63.1,11.7,0.5948,0.923076923076923
114.6,89.5,0.9449,50.8,44.2,16.5,18.4,33.9,25.8,42,32.5,49,42.1,36.9,32.3,61.2,8.2,0.5766,0.810810810810811
116.4,93,0.9295,52.4,44.7,16.2,18.2,35,26.2,46.9,35.7,52.3,43.6,35,31.1,65.1,8.1,0.5328,0.971428571428571
119.2,95.6,0.927,54.2,47.1,19.1,16.4,37.3,28.8,48.3,45.5,55.5,44.3,34,35.5,68.2,6.9,0.6244,0.714285714285714
125,99.9,0.9295,55.7,49.4,14.8,17.1,29.4,30.5,34.9,26.7,52.7,50.2,40.2,31.8,62.6,7.7,0.5948,0.756756756756757
115.2,92.5,0.926,53.6,46.3,17.3,20,32.6,28.7,44.5,38.6,53.8,43,35.6,35.3,67.6,8.3,0.5652,0.852941176470588
122.7,95.9,0.9441,53.3,47.2,12.7,15.3,28.1,27.4,42.7,27.1,51.3,45.9,37.6,34.1,63.9,7.9,0.6079,0.789473684210526
125.2,101.9,0.9144,58.9,48.5,15,14.8,27.7,27.8,33.9,33,56.3,47,41.4,34.2,65.4,5.6,0.5699,0.771428571428571
125.9,98.6,0.9432,53.8,49.3,14.6,18.5,35.2,31.3,38.8,40.8,50.3,50.3,39.5,30.7,66.7,6.5,0.5884,0.742857142857143
118.6,98.8,0.8903,54.2,47.7,14.5,15.9,28.8,28.5,36.4,30.7,54.4,46,35.8,34.1,71.6,7.5,0.584,0.777777777777778
114.2,92.8,0.9156,48.2,48,14.8,21.9,38.1,31.5,38.2,36.7,47.7,45.5,33.1,34.5,61.5,7.9,0.5571,0.823529411764706
118.8,87.6,0.971,53.5,43.9,15.3,25,37.1,32.7,41.2,38.4,52.7,44.3,36.8,28.6,68.8,5.3,0.5587,0.837837837837838
119.6,95.3,0.9319,54.5,45.8,17.4,17.7,32.9,27.5,33.7,40.3,52.1,43.5,39.2,33.2,66.2,6.9,0.5926,0.763157894736842
109.4,90.7,0.896,46.7,44.4,15.2,20.6,36.1,29.4,45.1,32.4,45.1,43.5,34.2,30.8,64,6,0.5531,0.852941176470588
119,96.6,0.9167,54.1,49.9,14.5,20.3,29.8,28.6,38.2,35.7,53,48.6,38,34.4,70.2,4.5,0.5858,0.756756756756757
108.7,91.5,0.8783,47.7,44.8,17.4,22.4,39.1,32.3,38.7,36,46.6,43.2,33.5,32,63.5,5.3,0.5568,0.794117647058823
118.2,99.4,0.8793,51.7,49.7,15.7,17.8,32.4,30.4,39.4,38.5,48.7,48.8,37.9,34.2,71.6,4.1,0.5762,0.696969696969697
104.9,90.4,0.8477,49.6,44.4,18.6,21,28.8,29,40.3,35.6,50.5,44.4,31.7,29.6,67.5,3.8,0.5538,0.787878787878788
108.3,89.8,0.8955,47.9,47.8,17.2,25.6,34.9,30.8,35.2,39.7,45.6,48.8,34.9,30.3,70.8,3.6,0.5718,0.742857142857143
119.2,99.5,0.8885,51.3,48.7,17.8,15.8,40.1,32,44.8,32.3,48.3,46.4,38,35.6,62.9,3.1,0.5904,0.666666666666667
109,96.9,0.7952,50.4,46.6,18.8,18.7,34.3,31.7,39.2,37.2,49.9,46.8,34.6,30.8,71.8,3.6,0.5629,0.727272727272727
113.4,94.7,0.8883,49.9,47,16.9,19.3,38.1,31.3,42.9,41.4,49.7,46.7,33.6,31.7,70.8,4.2,0.5793,0.705882352941177
108.4,88.5,0.9107,50.3,45.2,17.2,21.9,29.6,29.6,42.3,29.8,51.1,45.9,32.4,29.3,65.4,4.5,0.5787,0.714285714285714
112.5,91.3,0.9171,51.5,44.6,17.3,19.6,30.4,32.8,38.3,35.7,48.1,42.2,38.7,33,64.8,4.7,0.5942,0.8
112.8,95.7,0.8693,51.1,45,15.9,14.9,32.5,28.2,46.7,31.3,51.7,41.1,33.2,34.8,66.2,4.4,0.5622,0.794117647058823
118.1,100,0.872,53.5,49.1,16.1,18.9,32.2,31.9,43.8,47.8,51,49.4,38.9,32.4,69.3,2.6,0.5782,0.705882352941177
112.4,96.7,0.8507,47.4,46.5,17.5,16.3,39.6,30.2,43.4,41,46.9,42.9,32.7,35.2,68.7,3.6,0.5633,0.685714285714286
106.9,96,0.774,48.3,49.4,19.7,17.8,34,26.1,48.3,30.2,48.6,47.3,31.8,35.6,66.9,2.4,0.5738,0.657142857142857
113.6,93.3,0.9064,55.2,44.6,17.4,17.4,30.6,29.5,41.2,38.6,53.6,43.3,39,31.8,66.5,4,0.5488,0.8
117.2,96.2,0.9062,49.9,46,18.1,16.1,42,29.7,51.8,36.8,50,44.9,33.2,32.2,65.9,3.9,0.6161,0.725
112.6,97,0.8479,51.9,48.4,18.6,20.3,35.8,33.3,39.5,33.8,52.7,49.2,33,31,69.5,2.8,0.5737,0.696969696969697
107.9,92.9,0.8473,48.8,45.3,18.5,19,34.7,33.2,40.3,45.4,48.3,45.9,33.1,29.3,64.8,0.5,0.5673,0.606060606060606
115.6,94.8,0.9067,52.4,46.3,14.7,20,28,32,49.7,41,51.3,45,36.4,32.7,69.2,1.4,0.5666,0.617647058823529
117.1,94,0.9261,50.7,46.7,16.3,19.2,37.2,29,44.3,36.4,50.1,45.5,35.1,32.6,63.8,4.1,0.5645,0.722222222222222
110.3,96.4,0.8252,52.4,46.3,16.3,17,24.5,30.2,42.5,37.3,48.8,45.3,39,32.6,69.3,1.2,0.5569,0.636363636363636
113.8,100.5,0.8078,50.6,49.1,15.3,16.6,34.9,28.6,47.6,36.8,49.2,48.2,36.9,33.7,73,0.6,0.5707,0.647058823529412
113.8,97.5,0.8546,53.9,47.8,18.7,15.3,29.5,27.8,43.6,30.6,52.3,46,37.9,34.2,65.9,2.1,0.5606,0.705882352941177
111.7,96.5,0.8436,51.3,48,17,17,29.3,28.1,45,37,49.9,45.8,36.4,34.9,67.2,1.1,0.5837,0.638888888888889
113,99.1,0.8188,52.4,48.8,18.1,18.8,33.9,28.8,40.6,43,50.4,48.3,37.7,33.2,65.4,0.6,0.5691,0.702702702702703
110.2,96.8,0.8151,51.5,47.2,19,19.6,35.1,31.4,46.6,33.4,50.2,47.4,36.4,31.2,67.2,3.2,0.5461,0.727272727272727
121.2,99.2,0.9089,51.1,47.4,15.9,18.8,37.6,29,45.3,35.4,50.6,47.3,35,31.7,70.9,1.2,0.5681,0.606060606060606
108.2,95,0.8172,48.3,47.6,16.7,19,25.7,29,42.3,44.9,47.4,47.8,33.3,31.5,66.4,1.3,0.569,0.59375
114.9,100.4,0.8249,48.3,48.9,17.3,16.4,35.3,30.8,41.9,33.7,46.5,48.8,34.7,32.8,64.9,1.2,0.5558,0.628571428571429
118.1,93.4,0.9374,49.8,46.5,16.8,16.9,39.7,27.5,41.8,31.5,50.6,44.5,31.9,34.5,63.1,0.4,0.5815,0.638888888888889
111.9,95.2,0.8641,52.1,46.2,17.6,21.1,32.3,29.3,48.4,36.3,49.7,44.9,38.6,32.7,65.5,2.2,0.4943,0.838709677419355
114.8,101.4,0.8066,50,47.5,15.8,17.4,34.1,35.6,37,42.6,51.5,47.3,30.5,32.1,66.5,0.6,0.5686,0.611111111111111
113.9,103,0.7613,54.5,49.8,15.6,17.1,30.6,27.9,41.6,40.2,55.4,46.1,34.7,37.8,64,0.2,0.526,0.766666666666667
112,101.6,0.7527,52.3,50.5,16.9,23.6,38.2,28.9,39.9,50.7,52.3,50,34.9,34.7,63.5,1.7,0.46,0.909090909090909
112,99.5,0.7965,51.7,49.4,18.7,16.9,34.1,28.7,41.6,39.5,51.5,47.4,34.8,35.2,66,1.4,0.5663,0.617647058823529
110.7,106,0.6237,50.4,49.4,13.4,16.8,29.1,32.8,43.9,38,49.5,49.6,34.7,32.7,72.3,-1.4,0.4945,0.714285714285714
106.2,96.4,0.7519,50.7,45.4,19.7,21.7,34.4,33.3,55.5,52.8,48.7,44,36.9,32.7,69.6,-0.5,0.4976,0.757575757575758
111.6,102,0.7385,53.2,44.4,18.7,16.1,37.7,33,53.9,34.1,52.9,42.7,36.1,33.2,67.1,-2.3,0.4905,0.714285714285714
105.6,95.8,0.7537,49.2,46.4,16.7,20.3,30.2,29.6,47.1,47.5,49.2,43.2,32.7,35.2,68.4,-3.6,0.5303,0.617647058823529
110.5,104.5,0.6557,51.5,50.4,18.8,18.5,36.5,31.8,44.3,44,49.6,50.6,37.1,33.2,70,-3.8,0.4995,0.625
109.6,101.8,0.6993,54,46.8,17.5,19,32,31.1,37.3,41,51.6,46.9,38.8,31,65.2,-2.8,0.4851,0.727272727272727
107.9,100.2,0.7018,50.2,44.4,17.2,23.7,35.4,33.1,49.5,44.8,50.8,43.2,32.5,31,64.1,-0.6,0.4243,0.8125
104.7,102.5,0.5605,52,47.6,20.9,18.5,31,32,51.4,34.7,53.7,47.8,32.6,31.5,67,-2.9,0.508,0.6875
101.8,97.7,0.6178,55.8,46.4,23.1,19.6,26.5,29.7,35,40.7,55.1,45.7,37.9,31.9,61.4,-5.5,0.4795,0.606060606060606
112.1,107.5,0.6177,56.7,55.7,15.8,24.2,23,34,43.2,54.9,55.7,56.7,38.6,35.8,66,-3.3,0.479,0.6875
104.3,103.9,0.5123,49.1,49.1,19.9,18.5,28.6,31.2,44.7,36.5,49.1,50.4,32.7,31,67.8,-6.1,0.4817,0.588235294117647
99.7,102.2,0.4275,48.8,49.5,16.4,19.7,30.9,29,33,39.4,47.4,49.6,34.6,32.9,62.1,-6.5,0.468,0.566666666666667
102.8,103.1,0.49,48.8,48.3,19.7,18.3,31.9,28.4,42,29.1,47,46,36,34.9,63.2,-8.6,0.459,0.558823529411765
102,104.4,0.4356,46,49.3,14.7,18.1,30.9,33.2,33.2,42.9,44.2,48.6,33,33.8,60.4,-10.7,0.5176,0.375
98.3,102,0.3946,48,47.5,20.2,18.3,34.2,29.3,38.6,39.6,47.6,46.7,32.6,32.4,67.5,-7.7,0.4579,0.580645161290323
107.1,111,0.3986,51.5,53.5,16.7,18.8,27.8,33,36.7,34.5,50.2,54.6,35.5,33.4,69.9,-9.4,0.4648,0.484848484848485
106.1,112.9,0.3293,51.7,50.2,19.3,15.8,33.6,31.2,49.3,29.8,50.7,48.9,35.8,35.6,67.6,-9.7,0.4054,0.545454545454545
106,106.6,0.4831,54.1,47.8,19,13.8,28.4,28.7,49.7,35.1,51.1,47,39.4,33.7,64.3,-6.9,0.4696,0.586206896551724
129.1,93.6,0.9758,54.8,47.7,12.4,15.8,32.1,23.7,36.2,22.4,54.8,44.7,36.5,37.5,59.3,11.3,0.6049,0.9
125.2,90.6,0.9764,56.6,46.5,16.3,18.6,35.8,30.2,39.8,23.9,55.9,46.3,38.7,31.4,66.4,10.7,0.6089,0.897435897435897
117.5,86.9,0.97,53.5,45.1,16.5,20.6,34.5,22.4,47.1,37.3,53.3,42.7,36,33.5,66.7,9,0.5805,0.894736842105263
120.2,93.1,0.9498,57.9,44.2,16.1,17.1,33.9,28,38.7,30.5,57,42,40,33,65.2,7.8,0.552,0.918918918918919
109.4,87.4,0.929,47.7,44,17.2,21.3,34.7,30.8,38.7,33.3,48.4,43.3,30.7,30.3,65.6,5.8,0.5829,0.75
125.3,98.6,0.9401,58.3,47.9,14.5,17.3,27.9,32.2,36.7,24.1,58.2,47.4,39,32.6,63.9,8.6,0.5627,0.842105263157895
120.3,84,0.9842,51.5,39.6,16.3,21.3,39.5,31.8,43.9,31.7,51.2,39.1,34.9,27.1,63.5,13.1,0.58,0.974358974358974
116.3,92.6,0.9327,53.2,44.9,17.5,16.5,33.5,27,32.7,39,50.8,43.8,38.5,31.5,63.9,3,0.6041,0.692307692307692
113.2,96,0.8696,50,48.3,16.9,22.3,35.7,34.6,37.3,38.8,48.8,46.2,34.9,35.2,69.9,3.9,0.563,0.75
108.5,88.6,0.9115,48.4,46.7,17,19.5,34.7,25.3,40.8,33.4,46.3,47.1,35.6,30.7,63.9,3.5,0.5695,0.676470588235294
106.5,92.3,0.838,49.5,44.1,21,19.9,37.3,32.3,37.1,26.1,49.6,42.2,32.9,31.9,60.3,-1.3,0.5567,0.676470588235294
107,94.5,0.8059,52.9,47.3,17.9,21.1,23.3,28.4,48.1,30.6,52.6,46.5,35.6,32.5,63.8,0.8,0.5336,0.75
112.6,93.5,0.8945,51.3,47.1,19.2,20.2,34.3,31,43.9,44.1,50.5,43.1,35.3,36.2,64.6,3.7,0.588,0.666666666666667
109.5,98,0.7802,52,45.8,16.3,23.2,30,34.8,37.7,39.8,53.4,43.1,32.2,33.1,63.2,-3,0.5066,0.705882352941177
114,92,0.9211,48.1,45.6,17.1,18.9,35.6,30.3,38,29.1,47.3,43.7,33.3,32.6,64.6,2.1,0.5719,0.647058823529412
113.6,90.6,0.9308,49.4,44.6,19.2,17.5,34.9,31.6,42.6,33.8,46.4,43.4,37.9,31.5,67.2,9,0.6229,0.75
110.2,94,0.8619,51.2,45.5,18.9,17.2,28.9,30.5,44.5,28.1,48,44.1,37.6,31.8,64.5,6.9,0.5639,0.8
115.4,93,0.9228,55.9,45.6,17.8,19.2,27,26.9,39.8,27,53.3,44,39.8,32.1,58.5,5.3,0.5292,0.885714285714286
113.9,93.1,0.9104,54.2,46.4,17,21.6,33.5,32,34.7,27.8,53.6,45.2,37,32.2,66.3,2.5,0.5566,0.685714285714286
114.3,99.1,0.8379,52.3,48,16.9,16.7,30.2,31.5,29.1,35.4,50.8,47.1,36.9,33.2,66.9,3,0.5675,0.714285714285714
103.1,87.5,0.8691,46.6,43.5,18.6,21.1,35.7,29.7,36.2,25.7,45.9,42.3,32,30.6,61.2,1.3,0.5473,0.742857142857143
102.7,100.1,0.5721,47.6,47.6,20.1,19.7,34.2,33.1,35.7,33.6,46.6,47.4,33.2,31.9,65.3,-7.5,0.5252,0.542857142857143
121.9,91.1,0.9663,55.3,45.5,16.3,21.6,32.5,31.2,41.8,30.4,53,45.3,38.9,30.5,64.7,11.3,0.5681,0.916666666666667
112.1,84.1,0.9648,50.6,42.3,15.7,17.9,34.3,24.2,34.9,28.6,49.7,40.1,35.2,30.8,58.4,10,0.5758,0.882352941176471
104.9,102.2,0.5749,49.9,49.6,18.8,20.1,32.6,26,39,30.4,47.9,46.2,35.8,36.2,61.3,-3.3,0.4595,0.727272727272727
116.3,92.7,0.9316,49.8,45.8,20.1,19.3,41.9,31.5,38.6,32.1,46.1,46.4,38.2,29.8,62.1,5,0.5959,0.696969696969697
108.7,106.8,0.5497,56.5,51.3,20.3,18.5,28.9,29.6,32.2,28.2,56.4,51.2,37.7,34.3,67.6,-4.7,0.4804,0.65625
109.1,98,0.7742,48.7,48.5,16.7,19.7,34.5,30.4,42.6,34.3,47.6,48,34.1,33,68.9,-1.3,0.5398,0.696969696969697
104.5,103,0.5417,50,47.7,17.5,16.9,34.8,28,38.9,35,48.1,45.8,35.9,33.8,64.1,-5.1,0.4563,0.666666666666667
118.3,102.2,0.8435,55.4,49.3,14.1,17,29.6,30.4,28.5,34.6,53.1,51.4,38.7,30,67.2,1.7,0.5222,0.741935483870968
110.1,107.6,0.5648,55.1,52.3,15.9,17.8,29.3,30.7,35.2,36,52.2,49.2,39.3,38.7,68.5,-2.6,0.4812,0.71875
107.6,92.6,0.8482,48.5,44.4,19.2,16.7,32.2,28.5,47.7,34.3,47.2,43.2,34.2,31.2,64.8,1.6,0.5619,0.636363636363636
94.8,102.3,0.2939,45.6,46.4,20.2,20.1,31.8,30.9,43.8,45.5,45.6,44.5,30.4,33.9,69.6,-12.6,0.4461,0.485714285714286
102.4,94.9,0.7057,47.1,46.6,18.4,20.1,32.4,28.4,38.9,32.9,45.5,44.5,34.3,34,61.6,-1.3,0.5087,0.714285714285714
119.5,103,0.8473,54.4,50.3,17.2,15.9,35.3,31.5,32.7,32.8,50.2,50.9,40.6,32.5,67.2,-0.3,0.5693,0.588235294117647
116.9,95.6,0.9103,54.3,47.6,15.8,18.5,28.3,29.6,36.5,24,54.3,45.2,36.2,34.7,69.8,7,0.5827,0.735294117647059
109.8,114.5,0.3839,55.8,53.5,17.1,16.8,27.7,34.5,30.4,27.5,52.8,51.5,40.8,38,65.1,-7.1,0.4967,0.59375
107.8,92.8,0.8477,50.3,44.6,20.2,19.1,33.9,32.9,33.5,29.4,50.1,43.9,33.9,30.9,70.1,0.5,0.5335,0.666666666666667
112.2,99.2,0.8037,47.8,47.6,16.5,18.7,34.8,31.4,36.1,41.2,46.8,43.6,33.2,35.8,66.6,-0.5,0.5554,0.617647058823529
103.9,98.1,0.6613,50.6,46.4,21.8,20.6,39.3,31,44.3,32.5,49.3,46.4,36.2,30.8,64,-4.5,0.4792,0.65625
100.8,100.7,0.5035,49.7,48.1,16,16.5,26.1,23.7,35.7,30.7,45.5,45,38.2,36.2,61.5,-3.9,0.4737,0.67741935483871
107,101,0.6586,54.5,49.8,21.5,15.5,30.1,25.3,41.4,25,53,49.1,38.6,34.4,63.6,-4.6,0.4893,0.657142857142857
110.7,95.4,0.8469,50.2,46.5,18.5,21.1,26.9,32.6,39,42.1,49.2,44.1,34.6,34.4,64,0.2,0.5764,0.548387096774194
111.6,93.7,0.8821,48.4,48.2,18.1,19.7,35.2,29,40.7,39.3,48.9,47.1,31.3,33.3,65.7,3.7,0.5894,0.647058823529412
110.5,93.9,0.8654,50.3,45.4,19.9,17.6,36.5,30.9,41.7,38.4,50.9,42.3,32.7,35.1,65,1,0.5517,0.617647058823529
100.7,103.3,0.4286,50.1,49.3,19.8,21.8,31,35.9,35.5,37.6,47.4,48.3,37.5,34.1,66,-8.6,0.4845,0.571428571428571
111.1,94.6,0.8635,52.1,45.7,19.5,20.3,36.6,29.2,43.8,31.2,51.3,42.9,36.3,32.7,63.6,3.1,0.5583,0.787878787878788
110.6,94.7,0.8569,49.3,46.4,15.7,19.5,27.6,35.4,35.7,33.3,48.2,44.9,34.5,32.6,67,2.3,0.5704,0.625
111,98.8,0.7919,55.6,49,20.3,24.5,37.6,29.6,41.9,49.1,55.4,48.3,37.3,33.7,66.4,1.2,0.4933,0.838709677419355
110.3,90.7,0.9048,49.1,42.1,20.1,14,37.9,28.6,36.6,34.8,48.3,37.7,33.8,34.7,62.8,0.9,0.5769,0.588235294117647
101.9,108.1,0.3371,49.5,49.3,19.7,18.7,33.8,34.6,46.8,33.1,50,48.5,32.2,34.4,63.7,-4.5,0.4608,0.628571428571429
105.1,96.8,0.7202,50.7,44.7,18.2,17.2,30,30.7,30.2,35.3,47.8,42.4,38.2,33.6,63.9,-4.6,0.5043,0.59375
105,94.5,0.7706,51.3,45.2,19,18.6,34.7,27.4,36.6,33.4,48,42.3,38.4,33.4,63.1,0.1,0.4775,0.806451612903226
108.4,94,0.8373,48.7,49.5,15.7,23.5,31.8,30.6,37.3,37.8,46.9,48.3,34.3,34.5,67.2,3,0.5793,0.722222222222222
102.3,96.8,0.6547,51.1,47,17.2,20,29.4,27.7,37.6,36.4,49.1,47.3,36.8,30.9,61.2,0.2,0.4874,0.787878787878788
102.1,98.2,0.6121,52.2,47,18.8,17.9,22,27,40.4,27,54.4,44,32.6,34.9,59.2,-1.6,0.5018,0.696969696969697
109.5,96,0.821,53.2,47.6,16.1,19.4,27.8,25.6,32.4,31.6,49.6,48.1,38.9,31.3,63.4,0.2,0.517,0.71875
118.3,100.3,0.8699,53.2,49.6,16.4,17.7,33.4,28.4,42.5,39.2,50.2,49.6,39,33.1,70.8,0.8,0.5413,0.696969696969697
100.2,99.4,0.5238,49.4,48.1,21.1,23.9,30.9,33.1,47.4,52.3,48.8,48,33.6,32.4,68,-7.6,0.4577,0.575757575757576
105.2,105,0.5063,53.6,47.9,18.3,17.9,29.2,31.8,39.7,34.1,51.1,48.3,38.1,31.3,67.5,-5.1,0.4382,0.625
119.6,92.5,0.9507,51.6,45.4,18.2,17.7,40,31.2,35.2,37.8,50.9,45.6,35.8,30,69.9,6.5,0.6205,0.684210526315789
114.1,96.8,0.8684,49.3,45.5,16,14.9,33.9,30.2,35.3,34.7,47.3,43.6,35.6,33,64.7,1.1,0.5984,0.611111111111111
111.6,88.5,0.9349,49.3,44.1,17.6,19.7,31.5,31.4,32.8,28.4,48.2,42.2,34.3,31.7,67.5,4.5,0.587,0.685714285714286
111.8,96.6,0.8425,49.6,48.5,17.6,17.9,33.8,28.6,35.7,32.3,47.4,45.4,36.8,35.6,66.8,0,0.5785,0.611111111111111
114.9,88.7,0.9513,55.2,43,18.2,18.3,31.3,28.4,43.4,34.3,52.3,41.4,40.1,31.2,61.4,3.7,0.5797,0.735294117647059
110.3,93.3,0.8733,46.1,52.7,18.7,28,40.1,31.1,40.4,55.5,45.5,51.8,31.6,36.5,68.6,4.1,0.5769,0.714285714285714
114.3,91.5,0.9277,50.3,45.8,15,21.3,34.5,27.4,36.2,36.6,48.9,42.6,35.4,35.3,62.6,4.2,0.5425,0.852941176470588
115.7,95.1,0.9049,53.3,50,18.1,18.8,31.3,27.3,38.5,33.3,53.7,48.9,35.1,34.6,65.5,1.3,0.5912,0.621621621621622
116.1,95.7,0.9022,53.6,46.2,18.2,16,35,24.9,43.8,29.3,52.2,45.7,38.1,31.6,69.1,3.4,0.544,0.735294117647059
107.6,96.7,0.7732,51.9,45.9,15.6,21,26.7,29.5,31.5,38.3,48.9,45.7,38.2,30.9,63.8,2.1,0.4828,0.848484848484849
103.4,109.1,0.3501,51.3,53.8,20.2,18.6,31.9,30,47,31.3,51,53.3,34.7,36.4,70.5,-11.3,0.4844,0.470588235294118
119.3,99.2,0.8924,51.6,51.2,18.6,19.8,40,28.8,38.6,38.6,49.8,49.1,37.4,36.9,67.4,3.5,0.5906,0.636363636363636
105.1,102.4,0.5746,49.6,49.8,18.8,17.7,31.8,28.7,41.6,37.8,49,48.8,33.7,34.3,72.9,-5.8,0.5396,0.558823529411765
118.2,98.6,0.8899,52.6,49.7,14.5,18.6,32.2,27.5,39.3,35.8,49.9,49.1,39.3,33.8,69.2,2,0.5511,0.666666666666667
103.4,95.7,0.7106,49.3,45.2,18.2,21.5,34.1,29.7,38,42.1,48.5,42.8,34.3,33.4,68.4,-3.5,0.4519,0.7
112.4,92.8,0.9006,52.2,44.3,17.7,14.1,32.4,25.3,41.7,37.5,51.1,41.5,36.3,34.7,68.8,2.2,0.5811,0.676470588235294
105.6,100.8,0.6286,51.7,50.5,18,20.2,32.3,29,41.6,30.9,50.7,50.5,35.6,33.7,67.3,0.4,0.4825,0.818181818181818
110,93.5,0.866,49.3,45.6,16.3,20.3,36.7,30.6,33.2,27,47.7,41.3,34.8,35.7,66,0.3,0.5467,0.666666666666667
107.8,95.2,0.8072,48.4,46.8,18.8,15.4,34.8,24.8,40.5,35.7,43.9,44.3,38.6,35.3,69.9,0.7,0.5607,0.636363636363636
110.5,93.4,0.8732,51.5,44.5,16.3,18.2,28.6,29.1,29.6,35.4,49.9,42,36.5,32.6,66.9,1.2,0.5595,0.694444444444444
105.5,92.6,0.8184,51.6,46.9,18.6,18,28.7,24.2,40.8,32.8,51.5,43.7,34.4,34.9,68.5,2.4,0.5534,0.757575757575758
121.2,98.9,0.9122,53.7,49.5,14.3,17.4,33.2,34.7,40.6,25.3,51,48.9,38.5,34,68.7,4.2,0.5995,0.694444444444444
103,115.6,0.209,51.2,52.4,17.7,21,28.4,35.8,33.3,46.9,49.5,52.1,36.4,35.4,72.5,-9.9,0.4493,0.53125
102.9,102.4,0.5136,51.5,47.7,17.2,15.9,31.7,27.5,37.3,35.3,51.5,48.3,34.2,31.2,68,-8.4,0.466,0.548387096774194
106.3,100.1,0.6646,48.4,48.8,15.1,21,30,29.7,37.7,46.4,47,48.4,34.4,33,69.8,-0.9,0.5182,0.696969696969697
117.4,94.5,0.9238,55.2,44.8,17.1,15.1,32.1,26,34.4,28.1,54.3,44.4,37.8,30.3,68.2,2.1,0.5329,0.771428571428571
106.9,104.2,0.5729,49.8,51.5,15.8,21.1,30.9,32,42.2,35.8,48.5,50,35,36.3,77.3,-4.5,0.4871,0.617647058823529
98.2,107.5,0.2615,46.7,48.6,18.7,16.7,34.5,27.2,41.3,35.7,47.3,47.5,30.5,33.8,71.9,-6.3,0.4418,0.645161290322581
106.9,95,0.7945,51.9,44.9,18.1,19.8,30.4,26.4,45.4,40.2,54.1,44.8,32.2,30,71.4,0.8,0.4846,0.8125
96.7,106.9,0.2398,47.9,53.2,16.8,19.6,23.1,29.6,36.1,33.4,47.2,52.8,32.6,35.7,64.6,-14.5,0.461,0.428571428571429
121.3,98.4,0.9168,58.7,49.8,19.6,18.9,37.2,29.2,33.9,30.2,56.1,49,41.6,34.3,69.5,3.2,0.552,0.771428571428571
109.1,102.1,0.6822,53.8,48.8,17.6,19.2,29.2,31,32.4,36.3,52.5,46,37,35.8,72.6,-3.6,0.5011,0.666666666666667
114.4,95.8,0.8853,51.3,48,14.8,18.8,31.9,31.3,33,25,48.7,48.7,37.4,31.3,69.8,2,0.5715,0.666666666666667
121.4,98.6,0.9162,57.1,49.8,15.7,16.8,26.2,30.1,26.1,24.9,56.7,49.5,38.7,33.5,72.3,3.6,0.5924,0.657142857142857
120.9,90.4,0.9662,55.7,45.1,17.8,18.5,32.2,27.9,38.6,37.3,52.7,43.4,41.3,32.5,70.1,11.6,0.6021,0.864864864864865
123.2,95.1,0.9517,53.5,44.5,16.2,18,37.5,31.9,37.8,40.8,52.9,42.7,36.6,32.6,68.2,5,0.5774,0.75
114.9,96.3,0.8839,55.2,46.5,18.9,16.4,29.1,29.9,37,27,55.8,45.5,36.2,32.1,67.9,4,0.5776,0.742857142857143
119.4,96.5,0.9203,54.2,48.3,16.5,17.4,30.1,29.5,40.7,29.1,53.2,46.9,37.5,34.4,67,6.9,0.5902,0.771428571428571
113.4,99.4,0.82,54.5,51.4,14.5,17.9,24.8,26.4,27.8,27,52.6,51.1,38,34.7,66.3,0.8,0.5591,0.628571428571429
122.5,96,0.9428,56.3,43.3,17.6,14.2,37.1,24.3,30,34.1,51.4,41.7,43.4,31,67.6,7.2,0.5566,0.828571428571429
103.9,99.5,0.6224,51.7,49.4,17.1,19.4,28.7,25.7,34.9,42.4,47.8,48,39.2,34.7,68.5,-3.2,0.5103,0.696969696969697
123.3,94.9,0.9531,52.6,48.1,15.4,18.2,40.7,30,32.3,30.4,53.9,44.6,32.7,36.2,71.7,8.6,0.5915,0.825
109.7,96.7,0.8109,53.2,48.7,15.2,18.5,17.7,27.4,34.1,24.8,51.3,48.9,37.2,32.4,63.7,-2.1,0.5389,0.628571428571429
118.3,103.3,0.8269,54,49.5,15.3,14.8,32.7,32.1,32.9,26,52.9,46.5,37.4,36.9,65.5,2.3,0.5838,0.666666666666667
118.2,94.1,0.9326,54.3,47.2,18.3,17.7,31.2,30.5,33,28.3,48.2,45.3,42.2,33.7,70.8,8,0.5995,0.783783783783784
118.4,96.2,0.9163,52.3,48.9,16.1,20.2,34.1,30.5,40.3,32,52.6,46.1,34.4,36.2,69,6.7,0.5968,0.810810810810811
109.9,98.1,0.788,49.8,49.5,16.6,19.5,29,32.2,36.8,39.3,46.9,50,37.4,32.4,68,0.3,0.583,0.580645161290323
113.9,96.9,0.8659,51.1,50,17.5,16.9,36.9,27.5,36.1,32.4,50.4,48.4,35,35.4,66.3,1.8,0.5721,0.625
108.7,95.4,0.8193,48,49.3,16.1,20.6,30.4,30.3,37.3,28,48,49.8,32.1,32.3,69.3,3.4,0.563,0.685714285714286
117.2,93.4,0.9316,53.6,44.3,17.7,13.7,35,23.4,35.4,28.1,52.8,42.9,36.7,31.4,68.9,4.4,0.5669,0.742857142857143
114.2,97.6,0.86,51.2,48.1,14.3,16.1,28.3,25.8,37.4,25,52.3,49.2,32.7,31.1,70.9,3.4,0.5609,0.777777777777778
110.8,91.4,0.9014,49.8,45.4,19.4,19.5,34.7,30.8,40.4,33.8,48.8,44.3,34.7,31.7,70.4,5.3,0.5661,0.735294117647059
110.5,101.1,0.737,51.3,48,17.1,17.2,32.4,25.5,40.2,40.2,49.7,47.1,36.1,33.3,69.2,-1.2,0.5109,0.75
98.9,106.2,0.3065,48.5,47.9,16.3,19.6,28.1,31.2,38.1,39.9,47.6,47.7,33.8,32.2,69.5,-8.1,0.4234,0.59375
110.3,96.5,0.8235,54.8,49.5,17.7,25.9,33.5,30.7,34.3,40.2,54.5,49.7,36.9,32.8,68.2,-1.2,0.4779,0.8
104.6,99.2,0.648,52.2,47.6,17.3,18.4,34.8,26,32.2,27.6,50.7,45.8,37.2,34.1,67.8,-1.1,0.4871,0.774193548387097
111.9,93.6,0.8857,50,47.3,18.1,20.4,33.5,35.3,35.4,28,47.2,48.1,36,30.7,65.5,-0.3,0.5808,0.621621621621622
106.3,97.4,0.7318,47,46.4,13.8,16.2,29.1,29.7,26.6,28.7,44.9,46.3,33.7,31.2,66.5,-0.1,0.5438,0.636363636363636
112.2,95.6,0.8627,49.4,47.7,15.4,18.5,30.7,32,39.5,38.4,48.5,45.8,34.1,34.5,66.3,3.2,0.5926,0.606060606060606
113,92.2,0.9126,51.2,47.4,17.4,20.7,34.8,29.2,38.1,32.3,51.3,45.6,34.1,33.3,68.4,5.2,0.5602,0.756756756756757
113.1,98.9,0.8227,50,49.6,17.8,19,31.3,32.3,42.2,32.9,49.2,47.2,34.6,35.6,67.2,1.3,0.584,0.59375
109.5,99.6,0.7486,50.3,48.2,15.6,20.4,28,30.5,39.6,34.6,51.1,45,32.6,35.9,69.4,-1.2,0.5449,0.625
101.2,99.4,0.5487,49.6,49.3,18.6,22.2,31.6,29.3,41.8,33,50.2,52.1,32.1,29.6,71,-6.3,0.4813,0.625
109.5,100.9,0.7186,51.2,47.5,15.9,19.9,32.1,30.1,35.6,55.2,51,46.1,34.4,33.9,71.3,-0.7,0.5127,0.741935483870968
113.7,98.7,0.8352,52.2,47.3,16.6,16.7,32.1,31.6,35.1,28.3,49.4,46.6,38.7,32.5,72.1,0.2,0.563,0.617647058823529
115.8,97.3,0.8807,55.1,48,18.2,15.3,29.2,27.8,37.9,23,55.5,44.5,36.3,37.1,66.9,5.6,0.5902,0.742857142857143
114.5,93.2,0.9148,52.9,43.1,16.8,14.2,27.2,29.3,39.8,34.4,50.1,42.6,38.2,29.4,68.7,-0.3,0.5623,0.575757575757576
112.1,94.2,0.8811,51,49.2,16.3,21.4,33.2,27.7,32.2,36.8,50.1,48.6,35.2,33.7,70.3,-0.1,0.5562,0.694444444444444
123.1,90.9,0.9703,56.1,46.7,16.3,20.6,28.2,29.4,34.1,30,57.4,44.1,36.2,33.9,66.7,8.9,0.6007,0.875
119.9,91,0.96,54.8,48.4,15.1,18.8,29.9,25.2,32.1,33.4,52.6,46.3,40.3,34.7,61.9,8.6,0.6037,0.783783783783784
101.7,99.5,0.5599,54.5,47.4,19.6,15.6,25.9,25.6,45.7,28.1,55.3,45.2,35.5,35.6,67.7,-3.7,0.4572,0.71875
114.8,90.4,0.9396,49.8,48.4,20,25,42,27.1,46.2,55.3,50.3,47.7,32.5,33.1,70.9,7.4,0.5845,0.742857142857143
110.3,87.8,0.9321,48.9,44.7,14.7,23.2,31.7,23.6,37.4,45.4,49.2,42.1,32.3,32.7,66.8,0.2,0.5347,0.735294117647059
108.8,93.5,0.8509,48.5,48.1,17.1,18.6,33.1,27.7,38,33.6,46.6,44.8,34.9,37.4,64.1,0.4,0.585,0.628571428571429
117,94.3,0.9229,51.4,47.8,17.4,19.3,35.2,26,41.7,33.6,49.8,48.6,36.3,31.1,72.4,7.7,0.5686,0.823529411764706
109.1,95.6,0.8209,52.2,46.7,19.9,17.8,39.3,24.3,41.7,33.3,51.4,45.5,36,32.7,66.8,-0.1,0.5046,0.758620689655172
117.8,86.3,0.9728,56.6,41.1,16.2,17.1,30,26.2,39,26.9,56.3,40,38.2,29,71.5,7.7,0.5531,0.948717948717949
121,91.5,0.9615,51.7,48.1,16.2,18.6,41.3,25,34.3,31.6,51,46.3,35.5,33.9,72.8,8.4,0.6075,0.846153846153846
122.2,92.5,0.9611,57.5,48.1,17.1,20.1,30.2,27.8,35,22.1,59.2,49.1,36.9,31.1,65.6,11.1,0.5758,0.888888888888889
121.5,94.5,0.9472,56.1,48.1,17.6,18.6,34.1,29.7,36,30,53.6,45.3,40.4,35.6,71.4,11,0.5897,0.861111111111111
118.3,91.3,0.9517,52.9,47.5,15.7,19.2,33.5,27.7,40.9,33.5,52.9,48.3,35.3,30.6,73.7,9,0.5978,0.842105263157895
117.6,91.5,0.9469,51.4,45.7,16,19.6,36.7,28.5,34,38.8,50.5,44.8,35.5,31.6,69.4,6.9,0.6041,0.735294117647059
122.1,95.6,0.9436,54.8,47.4,16.3,17.3,31.7,29.8,39.3,31.2,53.5,48.9,37.9,29.3,69.7,8.6,0.5956,0.756756756756757
117.6,95.6,0.9157,53.7,47.7,16.6,17.4,33.2,26,40.5,28.6,51.5,48.4,39,31,67.1,7.9,0.5839,0.864864864864865
117.8,93.8,0.9321,55.5,46.4,17.1,19.3,32.4,29.5,34.4,26.3,54.5,46.1,38,31.2,68.4,6,0.5793,0.868421052631579
116.4,93.9,0.9226,52.5,46.1,20.6,17.1,39.8,29.4,33.9,30.1,52.2,45,35.3,32.2,65.1,7.9,0.601,0.794117647058823
122.8,99.6,0.9175,59.8,48.7,15.1,15.8,29.1,28.6,26.8,25.4,59.1,45.3,40.6,36.5,74.6,6.6,0.5497,0.861111111111111
115.4,95.2,0.9014,53.7,47.9,16.4,19.5,33.8,29.8,38.4,37.3,54.4,45.4,34.7,34.9,72.8,5.9,0.5822,0.742857142857143
116.6,88.9,0.9576,51.6,45.8,16.9,21,32.1,29.5,40.2,34,50.3,45.7,35.9,30.5,70.2,6.4,0.5977,0.75
115.4,89.3,0.9498,51.3,48.8,17,27.6,37.9,31.9,38.9,42.5,49.8,46.5,36.2,35.3,72.2,6.4,0.5686,0.756756756756757
116.6,93.1,0.9297,55.7,47.7,18.3,16.6,30.8,24.4,33.3,22.9,52.7,46.6,40.3,33.2,70.4,5.6,0.5679,0.771428571428571
117.7,96.9,0.9038,54.6,50.8,15,19.6,27.2,27,37.1,37,54.5,51.3,36.6,33.3,67.2,5.5,0.5956,0.735294117647059
111.8,86.9,0.9477,52.4,46.1,15.6,20.7,28.3,24.5,26,33.8,49.7,45.1,38.5,31.7,60.3,5,0.6001,0.676470588235294
120,96.2,0.9265,55,49,14.1,19.5,25.7,31.6,27.6,25.6,51.8,47.5,40,34.6,69.6,6.5,0.5882,0.685714285714286
119.3,96.4,0.9205,53.6,49.1,14,18.7,27.3,30.8,28.6,26.7,50.9,48.2,38.4,33.8,68.3,5.9,0.5775,0.722222222222222
109.3,92.9,0.8665,48.7,45.1,16.1,17.6,29.7,30.2,39.6,29.2,47.5,44.5,34.3,30.9,70.9,3.7,0.5817,0.705882352941177
120,94.1,0.9426,54.6,46,16.9,18.3,37.2,26.4,36,24.6,51,44.1,40.6,32.1,64.8,6.4,0.5417,0.857142857142857
115.2,92.1,0.9292,52,45.2,15.3,20.2,35.5,29.4,32.5,29.1,52.1,41.4,34.5,34.4,65.4,5.6,0.5552,0.833333333333333
114.5,95.2,0.8931,57.6,49.9,17.1,19.3,24.2,29.6,27.9,29.3,56.4,50.2,39.8,33,72.7,4.3,0.5655,0.735294117647059
113.4,97.9,0.8448,52.4,47.5,19,18,30.4,32.3,38.5,32.6,51,45.6,36.3,34.2,68.6,3.7,0.561,0.75
123.3,97.6,0.9366,57,51.9,14.2,19.5,24.7,30,30.1,27.2,56.3,50,38.5,37.8,64,3.8,0.5843,0.684210526315789
118,93.8,0.9334,57.8,45.3,17.5,15.3,33.1,21.9,27.8,26.6,56.9,45.4,39.4,30,61.2,3.9,0.5498,0.852941176470588
108.7,89,0.9083,47.3,45.5,18.4,24.3,34,31.6,40.2,44.5,45.9,45.4,33.4,30.6,69.6,1.7,0.5813,0.722222222222222
111.6,97,0.8333,53.6,47.7,16.9,20.9,25.6,27.4,43.4,35.2,51,47.2,38.4,32.3,69.6,1.5,0.5465,0.774193548387097
114.5,92,0.9255,52.1,47.5,17,19.5,35.9,25.9,32.9,28,51.1,43.1,35.9,37.6,64.4,5.1,0.5577,0.72972972972973
110.8,93.1,0.8804,51,47.6,19.5,18.3,33.4,28.2,34.3,28.7,49.8,46.6,35.6,33,64.6,2.9,0.5664,0.636363636363636
111.2,95.2,0.8564,49.7,46.1,16,17.9,30.8,30.6,30.5,36.1,48.8,44,34.2,33.3,66.9,2,0.5586,0.666666666666667
114.9,99.8,0.8339,51.4,47.8,16.6,18.5,31.9,34.2,38.1,39.1,50,46.7,36.5,33.2,71,3.9,0.5649,0.722222222222222
112.5,93.8,0.8898,52.1,48.1,18.2,16.1,24.8,27,34.8,30.7,48.1,46.8,37.6,33.8,67,0.1,0.6063,0.542857142857143
111.6,94.9,0.8661,54,46.7,20.5,15.9,29.2,27.3,33.5,34.7,52.9,44.1,37.3,34.6,68.1,0.4,0.592,0.571428571428571
118.4,102.5,0.8401,56.9,51,17.2,16.5,23.4,30.5,40.9,27.3,54.6,49,40.3,36.3,70,3.3,0.551,0.666666666666667
108.9,95.6,0.8178,49.9,49,19.5,17.5,35.7,25.4,37.6,36.1,49.6,48,33.8,34.1,68.9,2.7,0.5616,0.636363636363636
117.2,92.2,0.9403,54.2,43.8,16.2,19.3,34.2,24.2,40.4,35.1,50.7,42,40.2,31.2,70,4.1,0.517,0.885714285714286
126.8,102.3,0.9221,54,53.2,18.2,20.3,38.3,31.9,37.4,45.4,50.4,52.4,40.3,36.4,72.9,3.3,0.5882,0.625
121.8,101.8,0.8881,57.5,52.2,17.3,18.3,27.1,29.2,31,35.7,52.7,50.6,42.9,36.8,71.5,0.6,0.5571,0.59375
108.1,95.9,0.7988,51,47.5,17.8,21,31.3,27.5,36.4,40.9,51.5,46,33.1,33.8,70.1,1.3,0.5578,0.742857142857143
122.4,102.6,0.8831,54.1,52.7,16.4,16.2,30.7,27.7,40.7,38,52.1,52.1,38.5,35.8,72,1.3,0.5798,0.575757575757576
112.2,94.2,0.8818,52.7,49.6,19.1,22.1,29.5,32.3,41.1,33.4,51.8,45.5,36.2,38.2,67.2,1.7,0.5696,0.6
111.1,94.1,0.8717,50.8,45,16.4,19.4,32.8,29.7,39.2,45,51.2,45.4,33.3,29.5,67.7,0.4,0.5604,0.714285714285714
115.6,97.9,0.8713,51.9,51.6,18.4,17.5,34.5,25.5,41.1,33.4,52,52.5,34.5,33.4,68.4,1.6,0.5967,0.631578947368421
108.3,94.5,0.8278,51.4,49.6,18.4,20.3,26.4,28.6,38.1,30.5,49.1,49.9,37.1,32.8,67.6,0.6,0.5582,0.606060606060606
113.3,100.6,0.7966,52.2,50.1,15.7,17.9,31,31.4,36.8,24,51,47.2,36.2,36.8,70.1,1.3,0.5541,0.722222222222222
111.2,96.6,0.8339,54.1,47.9,15.6,19.8,30.1,23.8,30,38.2,53.6,47.1,36.9,32.8,65.8,2,0.5083,0.885714285714286
113.7,100.7,0.8021,52.5,48.3,15.5,15.9,30.4,26.3,41.3,28.2,49.2,49.3,38.2,31,71,1.7,0.5199,0.8
107.6,95.4,0.7989,53.2,48.7,15.2,20.2,24.1,24.7,24.4,32,50.5,46.9,37.6,34.5,64.2,-0.4,0.5049,0.793103448275862
117.7,105,0.7881,55,53.2,13.9,20.1,32.5,28.5,30.8,39.6,55.7,54.2,36.1,34,71.5,1.5,0.515,0.878787878787879
110,98.2,0.7864,55.3,48.6,17,19.6,29.8,27.1,34.3,26.5,55.5,46.9,36.7,34.9,65.8,0.7,0.4948,0.852941176470588
107.3,97.1,0.7595,55.8,48.7,20.8,22,30.1,27.4,42.8,38.2,55,45.7,38.2,35.4,71.5,-0.7,0.4951,0.818181818181818
108.3,99.1,0.7352,55.3,48,18.9,19.7,26.8,27.9,37.2,33.1,54.3,46.5,37.9,34.2,71.4,-2.1,0.4924,0.742857142857143
105.3,101.3,0.6106,53.5,46.7,17.8,18.6,26.3,28.4,38.2,34.5,50.9,45.9,37.9,32.1,72.3,-1.8,0.4789,0.838709677419355
109.4,102.5,0.6783,52.7,47.9,19.5,19.1,35.6,28.5,43.3,35.2,54.2,49.1,33.5,30.3,69.1,-0.2,0.4799,0.903225806451613
107.8,103.4,0.6169,53.9,49.3,17.9,17.4,33.8,29.6,33.8,35.9,55.4,51,33.7,31,67.2,-1.7,0.4751,0.838709677419355
109.3,106,0.5879,53.4,50,16.5,18,27,32.1,31,33.4,49.3,47.7,39.7,36.1,71.7,-5.8,0.5044,0.628571428571429
104.1,102.9,0.5322,48.2,50.1,17.9,19,38.1,29.8,32.5,34.3,48.5,48.5,31.7,35.3,69.5,-7.2,0.4901,0.628571428571429
108.8,106.6,0.5596,51.6,50.1,17.8,17.6,30.8,29.8,40.1,32.8,50.9,49.5,35.1,34.1,69.4,-8.1,0.4813,0.628571428571429
105.5,104.1,0.537,52.4,49.7,18.8,17,31.2,26.4,36.5,30.5,51.6,50.2,35.7,32.4,69.3,-4.9,0.4867,0.727272727272727
103.1,102.7,0.5112,53.4,50.7,18.3,19.6,26,27.8,36.1,39.7,51.4,50,38.7,34.8,72.5,-5.3,0.4573,0.758620689655172
104.4,104.2,0.5054,52.6,49.4,20.7,16.6,31.2,28.5,33.4,34.4,50.8,45.1,37.2,37.8,65,-8,0.4735,0.606060606060606
101.4,101.3,0.5043,51.3,45.3,17.8,19.8,31.6,31.2,34.2,28,52.7,46.1,32.7,29.2,68,-5.1,0.3875,0.806451612903226
108.2,109.7,0.4612,53.2,53.8,18.4,16.2,27.1,28.9,39.9,27.1,52.7,52.4,35.8,36.9,68.5,-9.8,0.5065,0.545454545454545
99.6,101.2,0.4538,50.2,50.3,23.7,22.4,36.1,32.6,42.8,34.7,51.6,51.8,30.7,31.9,67.7,-6.3,0.4619,0.689655172413793
98.9,101.8,0.4155,51,49.9,19.2,21.7,23.1,34.8,32.4,32.6,49.4,49.5,35.8,34.1,68.3,-7.9,0.4902,0.555555555555556
97.4,100.8,0.4033,48.4,48.7,20.3,19.6,29.1,28.3,40.8,33.1,46.9,48.5,34.5,32.6,70.3,-7.5,0.4524,0.676470588235294
100.6,106.5,0.3437,48.1,49.1,16.6,19.2,31.7,34.9,44.3,32.3,50,49.3,29.6,32.5,70,-4.4,0.4553,0.657142857142857
128.4,94.1,0.9725,59.5,48.5,15,18.2,29.6,27.1,29.4,26.7,59,49,40.1,31.7,69.6,10.6,0.5963,0.9
114.6,86.7,0.9612,52.7,44.3,14,20.9,27,25.6,24.5,26.2,50.1,42.8,38.3,31,60.5,11.3,0.5888,0.911764705882353
122.3,92.9,0.9592,55.9,46.4,17.5,17.3,38.8,30,34.6,22.3,56,45.4,37.2,32,70.9,6.6,0.588,0.783783783783784
123.2,95.7,0.9484,57.7,47,15.8,17.7,28,28,35.6,24.2,54.1,45.5,42,33.2,68.7,7.6,0.5701,0.810810810810811
111.6,87.7,0.9417,51.2,43.3,17,21.6,38.5,28.2,36,26.8,50.2,41.4,35.3,30.9,66.2,5.9,0.5625,0.861111111111111
122.1,96.4,0.9385,57.5,49.1,16.6,18.2,29.4,31.2,27,24.6,55.6,48.6,40.1,33.3,69.9,8.2,0.6151,0.794871794871795
114.4,90.4,0.9375,53.9,47.7,14,19.5,25.5,24.9,30.7,30,54.7,46.8,35.2,33.2,65.9,6.9,0.5765,0.825
120.9,95.8,0.9353,50.4,49.9,16.5,23.3,37,30.1,31.3,44.1,48.8,45.4,35.3,38,71.2,4.6,0.5786,0.702702702702703
118.9,94.3,0.9347,56.9,42.7,19.2,14.6,37,26.6,35.9,30.7,55.2,38.4,40.1,33.7,68,8,0.5412,0.857142857142857
120.7,97.1,0.9242,52,50.1,16.7,16.3,37.4,25.5,28,26,51,45.3,35.9,38,72.6,7.1,0.6163,0.702702702702703
114.2,92,0.9225,50.8,46.7,17.9,20.4,33.4,31.1,35.5,37.6,47.3,46.1,38,31.8,67.1,6.4,0.5863,0.742857142857143
120.9,97.7,0.9211,55.9,49.9,17.2,15.7,30.2,23.1,41,25.6,55.9,49.8,37.2,33.4,71.7,8.8,0.5813,0.828571428571429
117.2,94.9,0.9192,57,47.1,16.1,17.4,33,23.1,32.1,29.1,58.2,44.1,36.8,35,70.5,4.9,0.5256,0.864864864864865
112.7,91.5,0.917,52,46.4,17.8,21.7,32.9,28.7,39.3,38,51.1,45.1,35.9,32.3,67.6,4.7,0.5724,0.72972972972973
116,94.3,0.9154,54.1,48.7,17.1,17.9,30.2,25.2,31.1,29.5,54.7,46.1,35.3,35.1,68.2,4.5,0.5817,0.735294117647059
115.2,93.9,0.9132,50.8,48.7,14.3,20,28.7,30.5,32.6,32.4,47.6,46.6,37,35.2,68.5,1.4,0.5795,0.617647058823529
114.8,93.9,0.9097,53.3,45.5,17.5,19.1,33.8,25.8,32.6,41.6,50.5,43.8,38.7,32.3,69.4,2.4,0.5486,0.771428571428571
116.1,95.3,0.9068,54,51.9,15.7,19.5,27.6,24.6,26.1,35.3,54.3,49.5,35.7,37.3,69.1,1.7,0.5839,0.6
115.8,95.6,0.9,51.8,46.8,18.6,16.8,35.7,31,44,32.3,51.2,48,35.7,30.1,70,4.3,0.5978,0.702702702702703
112.5,93.1,0.8984,52.9,47.2,17.4,17.4,27.2,26.3,33.5,27.2,51.6,43.9,36.6,35.2,67.2,3.9,0.5934,0.714285714285714
117.8,98.2,0.8902,52.9,50.3,17.8,17.7,34.3,28.4,35.2,29.8,52,50,36.5,33.8,70.7,2.5,0.5788,0.647058823529412
116.2,97.4,0.8836,57.4,50.1,15.6,15.8,22.5,24.6,26.5,24.8,58.7,50,37.2,33.6,72.3,2,0.5578,0.65625
119.5,100.5,0.8804,56.5,52.3,17.8,17.4,34.2,26.1,34.1,30.5,55.1,50.1,39.4,37.6,70,2.2,0.5882,0.636363636363636
114,96.9,0.8672,50.8,49.7,16.4,20.7,32.1,28,39.8,38.1,48.7,47.7,35.7,35.1,73.8,4.3,0.5647,0.764705882352941
120.9,102.7,0.8671,55.1,49.4,16.5,16.3,35.4,22.6,34.8,33.2,53.8,46,38.1,36.3,70.1,3.4,0.5669,0.757575757575758
111.2,94.7,0.864,51.4,46.9,19.2,15.3,33.9,27.3,32,27.6,52.5,45.7,32.9,32.6,70.3,1.9,0.5954,0.628571428571429
113.2,96.4,0.8631,53.2,48.4,17.8,19.4,32.3,29.8,37,32.4,53.6,45.4,35,35.5,72.5,0.9,0.5614,0.657142857142857
113.3,96.6,0.8623,53.1,49,16.8,18.8,29.1,28.2,29.1,28.1,52.2,48.8,36.4,32.8,68.2,2.7,0.5621,0.6875
109.6,93.7,0.8584,52.6,49.1,17.2,21.6,25.9,31.9,33.8,36.8,53.4,48.9,34.1,33,66.5,2.5,0.5589,0.675675675675676
115.2,98.6,0.8579,57.7,50.4,17,18.6,23.9,29.4,36.5,29.4,57.3,49.2,38.8,34.7,70.2,1.3,0.5438,0.636363636363636
109.3,93.7,0.8547,50,48.3,17,18,29.4,29.1,33,26.2,51.2,47.5,32,33.2,66.6,1.4,0.5847,0.558823529411765
117,100.4,0.8528,56.3,49.9,17.5,16.7,33.2,25.1,36.9,31.2,56.7,47.7,36.9,35.8,68.3,3.8,0.5599,0.771428571428571
110.2,94.9,0.8486,51.7,48.6,17,19,31.6,25,35.1,29.6,52,47.8,34.1,33.2,70,-1.5,0.5274,0.6875
116.7,100.4,0.8483,53.8,50.4,15.1,19.4,28.8,31.7,37.4,40.8,51.2,48.2,39.5,35.7,71.1,2.8,0.5669,0.657142857142857
118.9,102.5,0.8462,54.8,49.4,13.5,18,26.7,29.3,36.3,30.1,52.1,50.7,39.2,31.7,70.7,2.5,0.5607,0.783783783783784
110.5,95.4,0.8444,57.7,47.4,19.1,19.4,22.1,25.9,32.2,25.2,56.6,47.1,39.8,32,66.4,2,0.5362,0.864864864864865
111,96,0.842,54.1,46.7,20.8,16,30.3,27.9,38.3,30.3,50.3,45.4,39,32.7,66.8,0.4,0.5693,0.625
114.6,99.5,0.835,53.5,51,17.3,16.8,28.4,30,33.2,25.6,53.3,49.1,35.9,36.2,76.7,1.1,0.5773,0.5625
106,92.1,0.8344,46.9,46.2,19.1,19.5,34.7,30.4,40.5,31.4,46.6,45.1,31.7,31.8,64,-0.4,0.5898,0.621621621621622
117,102.3,0.823,57.4,51.2,14.5,16.2,22.6,23.4,24.6,29.6,56.5,50.3,38.9,35,65.5,-2.9,0.5365,0.636363636363636
115.6,101.3,0.821,53.4,51.6,16.8,20.4,33.4,32,34.2,33.7,52.1,53.6,37.2,31.6,72.8,0.9,0.5477,0.636363636363636
115.7,102.1,0.8089,53.8,50.6,14.7,20.4,28,30.6,41.3,32.7,53.2,50.2,36.4,34.2,72.7,-1.2,0.5461,0.625
107.9,95.3,0.8074,51.9,47.8,20.3,18.7,29.4,30.9,41.9,36.5,53.5,46.9,32.6,32.8,69.9,-1.1,0.6003,0.555555555555556
113.7,100.6,0.8029,53.7,49.1,16.6,14.5,28.5,26.9,35.5,29.7,51.4,47.3,38.1,34.6,71.5,0,0.5613,0.636363636363636
108.4,95.9,0.8027,49.6,50.3,17.4,19,28.9,29,38.6,31.8,49.5,51.5,33.2,32.2,68.3,1.9,0.5868,0.6
113.2,100.4,0.7989,54.3,50,14,14.2,24.6,23.3,35.4,25.6,50.7,49.8,39.3,33.6,71.5,0.6,0.4975,0.903225806451613
109.7,97.3,0.7988,51.1,50.4,15.3,22.6,31,28.2,30.1,40.6,50.4,50.6,35.2,33.2,69.6,1.6,0.5539,0.764705882352941
106.8,95,0.7927,51.6,46,17.4,19,33.8,22.5,29.1,33,52,45.7,34,31.1,69.4,1.3,0.4939,0.903225806451613
114.5,102.7,0.7761,54.8,48.8,16.5,18.1,31.9,29.1,29.9,39.5,54.3,48.4,37.1,33.1,73.8,-1.3,0.5455,0.771428571428571
109.6,99.7,0.7485,51.6,49,16.3,20.4,29.3,29.1,40.5,38.4,48.5,49.7,38.6,32,70.4,1.4,0.5333,0.764705882352941
110.6,100.8,0.7449,55,47.2,17.6,18,32.9,27.6,37.3,30.5,54.4,47.6,37.2,30.9,67.8,-0.4,0.4923,0.866666666666667
103.4,95.2,0.7207,51.7,47.5,19.8,21.4,33.7,23.9,26,39.2,51.1,47.3,35,31.9,66.2,-1.6,0.5022333,0.84375
106.7,98.4,0.7184,51.2,48.4,17.4,21.2,33.5,26.1,38.3,41.4,51.4,46.3,33.7,35.2,69.1,-1.1,0.4759,0.8125
108.8,101.5,0.6894,53.9,47.1,16.7,20.6,25.6,33.4,30.9,38.6,50.9,44,38.7,33.8,67.7,-5.1,0.4699,0.727272727272727
103.8,97.1,0.6832,53.1,49.7,20.7,25.9,32,28.5,40.5,50.3,51.7,47.4,37.4,35.6,72.1,-1.8,0.4399,0.903225806451613
108,101.3,0.676,53.9,47.8,17,17,27,27.5,42.6,34.5,55,47,34.8,33.1,72.9,-3,0.4835,0.714285714285714
103.6,97.6,0.6644,52.9,47,16.6,17,23.8,22.6,33.4,31.8,53.3,48,34.8,30,70.1,-3.3,0.4644,0.75
108.8,102.5,0.6633,54.7,49.9,17.2,18.4,22.4,32.3,33.1,28.9,55.5,48.7,35.9,35,75.9,-2.5,0.5066,0.714285714285714
106.8,104.3,0.5685,52.7,49.9,15.1,17.8,25.5,27.9,36.6,32.1,52,48.7,35.9,34.6,66,-2.1,0.5022333,0.8125
99.4,97.2,0.5638,48.6,48.3,18.6,21,28.7,25.3,35.3,29.9,47.7,45.8,33.5,34.7,69.3,-3.5,0.4762,0.757575757575758
103.2,101.8,0.5375,51.5,52,20,19.9,27.4,24.3,40.6,38.4,53.2,52.8,32.7,33.8,75.9,-3.2,0.4738,0.766666666666667
108.8,107.6,0.5333,53.9,52.5,16,18.8,24.5,30.8,30.2,28.6,51.5,51.7,38.3,35.8,71.5,-7.3,0.4984,0.588235294117647
102.1,102.2,0.4963,52.2,51.6,17.2,20.7,25.9,28.3,30.2,30.8,48.1,51,38.2,35,69.3,-4.9,0.4796,0.757575757575758
101.6,102.5,0.476,51.6,48.2,20.7,18.2,26,28.9,45.6,35.2,52,45,33.8,36.4,70.7,-5.5,0.4839,0.666666666666667
101.3,102.8,0.4559,49.3,50.1,18.7,20.2,32,28,31.2,31.7,47.1,48.9,35,34.6,64.2,-6.5,0.4769,0.676470588235294
101.9,109.9,0.2937,52.1,50,19.5,16.5,29.4,29.8,38.7,31.8,52.3,50.5,34.6,32.8,72.8,-13.2,0.4435,0.529411764705882
104.1,112.4,0.293,50.5,51.2,17.2,16.2,28.5,32.5,42.9,31.2,48.5,49.4,35.9,36.6,72.6,-10.9,0.4614,0.444444444444444
95,110.3,0.1522,50.4,48.5,20.8,16.8,32.9,29.7,30.3,34.3,51.3,48.1,32.3,32.8,66.4,-12,0.3926,0.59375
123.4,89.9,0.9744,59,44.2,14.9,19,31.5,26.8,35.3,25.9,61.4,43.4,36.3,30.4,72,7,0.5633,0.891891891891892
123,89.9,0.9736,55.2,44.7,14.7,17.5,30.4,25.4,29.1,26.3,52.5,45.7,39.5,28.9,60.7,11.1,0.5853,0.921052631578947
118.9,89.2,0.9646,53.6,45,17.5,19.4,35.6,29.5,33.2,24,58,45,30.8,29.9,73.6,11.2,0.617,0.842105263157895
120.1,91.4,0.9582,52.9,48.9,17.2,18.3,35.3,22.8,30.2,28.4,52.1,47.9,36.2,33.5,76,10,0.6032,0.805555555555556
114.6,85.6,0.9665,51.6,44.1,13.9,18,24.7,24.8,27.5,24.1,51.8,44.3,34.2,29.1,65.9,9.2,0.5742,0.810810810810811
119.9,91,0.9597,55.2,43.9,18.5,14.9,33.9,26.4,33.6,27.5,54.3,41.9,37.8,31.6,68.6,10.7,0.5959,0.82051282051282
117.5,89.8,0.9568,53,46.6,18.6,17.9,36.8,25.5,41.9,26.8,52.9,43.6,35.4,34.3,66.9,8.8,0.5991,0.810810810810811
122.8,95.2,0.9488,55.3,48.1,15.8,18,31.6,30.2,33.3,34.9,55.4,44.7,36.7,35.4,68.8,9.9,0.5748,0.861111111111111
115.2,85.2,0.9696,53.5,43,17.7,22.8,27.4,28.7,32.9,36.6,52.8,41.9,36.5,29.7,67.5,7,0.5885,0.815789473684211
122.8,94.3,0.9539,53.6,49,15.8,18.6,34.5,27,29.9,31.7,51.5,47.2,37.4,34.2,67,6.1,0.5944,0.722222222222222
115.7,90.5,0.9439,52.1,42.5,16.5,18.2,34.4,26,31.6,37.3,51.3,43,35.5,27.9,67.3,7.8,0.568,0.891891891891892
117.9,96.6,0.9081,51.2,49.9,17.9,20.1,36.7,30.8,37.1,33.1,52.9,49.4,31.9,33.7,71.2,7.3,0.578,0.8
117.8,93.4,0.9357,55.6,49,17.3,21.6,29.6,27.2,31.9,26.3,52.9,49,39.4,32.7,65.1,5,0.5665,0.742857142857143
108,87.8,0.9151,49.4,48.2,17.4,22.8,28.3,25.7,30.6,30.7,48.9,49,33.4,31.4,64.9,6.5,0.5743,0.735294117647059
111.7,90.9,0.9146,50.5,47.2,18.9,20.3,32.8,27,35.8,35.7,50.9,45.3,33.2,33.5,70,7.6,0.5895,0.783783783783784
112.9,92.4,0.9092,52.6,47.8,18.8,18.2,30.1,27.9,32.5,27.8,52.6,46,35,33.6,71.5,8.3,0.6223,0.722222222222222
121.3,95.2,0.942,54.4,51.7,16.8,24.6,31.6,32.8,30.9,36.4,51.7,51.4,38.1,34.8,69.3,6.1,0.5972,0.769230769230769
108.2,88.6,0.9089,51.1,45.2,14.6,17.2,24.5,26.5,27.3,25.8,49.7,44.1,35.9,31.5,65,6.3,0.5738,0.676470588235294
116.9,96.8,0.898,54.6,50.3,19.2,19.5,34.7,29.6,32.7,32.1,53.4,48.4,37.7,35.7,69,4.5,0.5829,0.676470588235294
111.7,95.9,0.8524,53.5,46.3,19.4,16.6,29.4,26.1,35.1,35.9,50,45.1,38.8,32.4,70.5,2.7,0.5641,0.705882352941177
118.4,96.6,0.912,54.7,48.4,16.3,18.8,28.3,30.1,30,23.6,55,47.1,36.2,33.6,69.1,4.3,0.579,0.657142857142857
111.6,93.3,0.8875,51.4,45.9,19.4,14.1,34.1,24.8,32.8,26.6,50.8,44.7,34.9,31.9,67.7,4.2,0.5871,0.676470588235294
113.6,95.3,0.8819,53.4,47.3,16,20.3,31.7,26.9,32.7,31.9,55.7,49.3,33.7,29.3,74.9,5.5,0.5436,0.914285714285714
114.6,98.9,0.8448,53.2,50.4,16.9,18,30.3,27.7,34.4,28.2,53.7,49.7,35.2,34.3,65.1,3.6,0.5756,0.722222222222222
112.9,93.1,0.9023,50.9,46.7,17.5,16.1,29.1,25.9,34.9,32,50.6,46,34.2,32,68.6,2.3,0.5972,0.588235294117647
116.4,97.1,0.8892,57.5,49.9,16.1,19.1,31.8,25.2,27.8,31.8,53.9,50.6,41.4,32.6,67.1,4,0.5236,0.9375
112.3,93.8,0.8871,49,48.6,16,20.9,37.4,29.3,37.6,30.5,47.6,45.1,34.5,35.5,65,5.8,0.5612,0.8
112.5,95.9,0.8618,53.7,47.7,14.6,19.2,27.2,24.9,40.8,28,54.9,46.3,34.7,33.2,70.8,3.8,0.5156,0.852941176470588
104.6,87.6,0.8838,50.1,43.5,20,23.4,31,30.6,35.7,36.6,53.1,43.8,30.5,28.5,69.7,1.1,0.5501,0.757575757575758
110.5,94.2,0.8622,49.6,48.1,18.5,23.1,30.2,33.4,36.8,34.3,49.3,46.9,33.3,32.9,67.3,0.4,0.5855,0.588235294117647
113.3,97.9,0.8433,53.1,51,18.2,20.6,30.2,29.3,30.9,33.5,52.7,48.2,35.8,37.4,69.7,0.9,0.5446,0.606060606060606
111.3,96.8,0.8329,53.9,46.5,18.2,17.3,32,22.3,36.7,34.3,54.2,42.2,35.7,35.3,69.6,2,0.5256,0.823529411764706
112.7,93.3,0.898,52.9,45.4,17.6,18,29.5,29.6,45.3,29.2,52,44.5,36.5,31.3,66.4,2,0.5691,0.727272727272727
110.5,93.1,0.878,50.4,47.5,17,17.3,25.8,27.8,31.3,23.1,49.7,45.8,34.6,33.3,70.3,2.5,0.5874,0.588235294117647
114.6,99.2,0.84,51.2,49.1,19.7,18.6,37.9,29.4,32.3,36.5,51.2,47.5,34.1,34.5,66.6,0.9,0.5769,0.588235294117647
105.6,93.1,0.8097,52.1,47.5,19.8,24.2,29.1,34.9,34.7,34,51.9,46,35,33.4,67.3,3.1,0.5641,0.75
110.3,91.6,0.8947,49.8,48.1,17.9,22.4,30.6,32.2,29.9,33.6,49.5,48.5,33.4,31.6,64.3,0.7,0.5815,0.555555555555556
116.1,100.6,0.8385,52.7,51.5,17.2,18.4,29.8,29.4,42.3,28.8,51.4,53.5,36.4,32.4,70.9,3.2,0.5535,0.657142857142857
110.4,96.3,0.8284,48.2,49.5,17.1,16.9,31.4,28.4,41.6,28.2,48.5,48.7,31.7,34,68.8,2.7,0.5727,0.611111111111111
107.9,96.9,0.7749,49.9,49.6,17.5,19.8,29.5,29.2,34.5,32.8,50.6,48.7,32.4,34,70.4,-0.4,0.5728,0.588235294117647
113.1,96.3,0.8637,53.8,48.9,16.2,16.3,31.2,23,29.1,29.1,52.3,49.2,37.8,32.1,64.1,-0.8,0.5649,0.647058823529412
107.8,93.8,0.8329,50.3,48.3,18.7,18.2,27.6,25.9,33.7,31.8,49.7,47.9,34.1,32.7,67.2,0.9,0.569,0.571428571428571
114.9,101,0.8138,57.6,48.7,15.2,16,25.3,25,28.5,27.4,59.2,47.2,37,34.4,72.5,1.2,0.4967,0.84375
109.4,97.6,0.7866,49.9,50.6,15.7,20.6,26.9,29.2,32.5,33.9,50.1,51.5,33,32.9,70.2,1.8,0.5443,0.696969696969697
108.7,97.6,0.775,50.6,48.5,18.7,19,31.7,26.9,43.8,38.6,50.8,47.3,33.6,33.4,71.9,0.1,0.5524,0.676470588235294
107.4,99.5,0.7067,51.9,50.7,14.3,21.2,21.8,29.4,29.5,39.7,50.7,50.3,35.8,34.2,72.3,-1.2,0.5445,0.617647058823529
108.1,91.7,0.8687,52,46.4,17.8,20.9,29.6,28.8,29.4,33.9,51.6,48.8,35.1,29,65.4,-1.1,0.5638,0.657894736842105
111.8,98.2,0.8155,54.1,48.9,17.8,19.1,37,22.5,34.6,32.5,56.7,48,34,33.5,67.1,1.4,0.4849,0.909090909090909
110.4,98.6,0.7852,54.8,46.5,17.2,19.4,32,30.7,33.5,27.4,56.2,48.3,34.9,28.9,70.2,1.2,0.4931,0.903225806451613
109.2,99.6,0.7428,55.9,48.9,17.2,20.5,25.2,26.4,26.7,32.7,56.4,48.3,36.8,33.3,63.5,-0.6,0.468,0.878787878787879
107.2,97.6,0.7458,51.3,44.1,17.5,16.7,33.7,27,28.7,33,50.1,40.7,35.9,33.9,66.6,0.7,0.4692,0.861111111111111
107,98.1,0.7324,52.6,48.7,16.8,19.1,27.3,22.2,35.9,27.5,51.6,46.3,35.9,35.1,66.7,-1,0.4774,0.818181818181818
109.1,102.5,0.6712,56.5,52.1,16.6,16.7,22.7,24.6,34.3,27.8,55.8,53,38.2,33.7,67.5,-2.8,0.5251,0.676470588235294
101.3,95.7,0.6599,46.7,46.9,19.3,19.4,36,25.1,39.4,33.5,47.2,46.7,30.4,31.4,67.7,-3.2,0.5138,0.638888888888889
110.5,102.5,0.7034,55.6,47.3,17.8,15.2,26.3,24.6,30.1,31.1,56,47.8,36.5,31,72.2,-0.9,0.5126,0.758620689655172
107.8,101.3,0.6719,54.6,49.1,17.8,18.4,30.6,26,34.8,35.2,55,49.9,36,32,69.3,-2.2,0.4681,0.787878787878788
106.4,101.1,0.6418,53.7,50.3,16.4,21,23,33.8,35.4,30.9,51.2,51.2,38.1,32.8,71.3,-1.3,0.5173,0.727272727272727
99.3,94.6,0.6339,47.2,45.6,17.8,18.5,32.1,24.8,28.9,32.4,44.1,43.5,34.9,32.4,65.9,-1.8,0.4957,0.742857142857143
109.1,105.5,0.5961,55.9,50.7,19.3,17.8,30.2,27.1,28.4,28.2,53.5,50.5,39.5,33.9,67.9,-4.4,0.4841,0.705882352941177
106.2,103.2,0.5812,56.1,50.1,17.3,19.2,27.4,24.9,31.6,37.3,55.6,49.3,37.8,34.4,68,-3.2,0.4826,0.787878787878788
101.1,100.5,0.517,49.7,47.6,18.8,18.4,26.7,26.7,36.3,35.6,46.5,46.5,37,32.8,66.5,-7.9,0.4856,0.588235294117647
100.9,100.7,0.5064,51.9,49.8,17.3,23.3,27,28.5,34,38.3,49.5,49.8,37.7,33.3,67.1,-2.6,0.4346,0.9
106,106.6,0.4852,54.8,50.5,17.1,18.2,22.4,31.3,38.3,27.6,53.6,50.4,37.7,33.7,68.7,-5,0.4611,0.71875
106.6,109,0.4369,53.5,53.6,15.7,14.4,20.7,25.9,32.2,26.5,52.1,52.6,36.7,37,66.5,-8.6,0.4867,0.575757575757576
105.2,108.8,0.4044,53,52.3,17.3,18.5,25.1,30.7,36.8,28.5,53.2,50.3,35.1,36.6,71.9,-10.4,0.4673,0.515151515151515
101.7,105.7,0.3911,49,51.2,17.4,24.7,29.7,34.3,43.1,46.2,49.2,53.7,32.4,31.2,72.2,-7.1,0.4384,0.647058823529412
104.5,110.3,0.3494,54.2,52,19.7,20.2,29.5,33.2,35.7,29.4,51,51.3,40.1,35.3,68,-9.3,0.46,0.636363636363636
98,108.3,0.2414,49.9,49.9,22.7,17.5,34.8,26.9,33.5,31.4,51.3,50.9,31.5,32,66.4,-10.9,0.4029,0.580645161290323
